﻿<?xml version="1.0" encoding="utf-8" standalone="no" ?>
<modDesc descVersion="53">
    <title>
        <en>Increase high beam range</en>
        <de>Erhöhte Fernlicht-Leuchtweite</de>
    </title>
    <description>
		<de><![CDATA[Dieser Mod erhöht die Leuchtweite des Fernlichts und der Arbeitsscheinwerfer.]]>
		</de>
		<en><![CDATA[This mod increases the range of high beam lights and work lights of vehicles.]]>
		</en>
    </description>
    <author>Rival</author>
    <version>1.1.0.0</version>
    <iconFilename>icon.dds</iconFilename>
    <multiplayer supported="true"/>
    <extraSourceFiles>
        <sourceFile filename="AddSpecialization.lua"/>
    </extraSourceFiles>
	
	<addSpecialization>
		<specialization name="increaseHighBeamRange" className="IncreaseHighBeamRange" filename="IncreaseHighBeamRange.lua" l10nNameTag="GAME_EXTENSION" debug="false">
			<restrictions state="0" name="lights" />
		</specialization>
	</addSpecialization>
</modDesc>
